{"w": 20, "alpha": 0.3, "k": 50, "Theta": [[0.3525716529250098, 0.11714285714285715, 0.11950394588500564, 0.32417974322396576, 0.32199048664471275, 0.09603440038222646, 0.3233404710920771, 0.060858424087123636, 0.34554334554334554, 0.46663442940038685, 0.0018509949097639982, 0.29567131327953045, 0.5351239669421488, 0.33670751198721366, 0.2915082382762991, 0.6752577319587629, 0.3563547200653862, 0.20383141762452106, 0.40155728587319245, 0.3590504451038576], [0.2143698468786808, 0.46714285714285714, 0.5011273957158963, 0.25891583452211125, 0.25905598243688255, 0.2001911132345915, 0.33940042826552463, 0.4080717488789238, 0.4884004884004884, 0.38007736943907156, 0.33919481721425265, 0.20469552457813647, 0.024793388429752067, 0.10229088971763452, 0.046261089987325726, 0.14727540500736377, 0.2251736820596649, 0.6268199233716475, 0.20189098998887653, 0.129080118694362], [0.045543776992540246, 0.2671428571428571, 0.30101465614430667, 0.213623395149786, 0.29052323454079765, 0.39894887720974676, 0.1252676659528908, 0.15502882767456758, 0.09157509157509157, 0.08849129593810445, 0.3031004164738547, 0.14159941305942772, 0.34710743801652894, 0.19072988811933936, 0.555766793409379, 0.013254786450662739, 0.2035145075602779, 0.11340996168582375, 0.2942157953281424, 0.40801186943620177], [0.3875147232037691, 0.14857142857142858, 0.07835400225479143, 0.20328102710413695, 0.12843029637760703, 0.30482560917343526, 0.21199143468950749, 0.376040999359385, 0.07448107448107448, 0.06479690522243714, 0.35585377140212865, 0.35803374908290536, 0.09297520661157024, 0.37027171017581245, 0.10646387832699619, 0.1642120765832106, 0.21495709031467103, 0.055938697318007664, 0.10233592880978866, 0.10385756676557864]], "ThetaB": [0.3825136612021858, 0.4371584699453552, 0.08743169398907104, 0.09289617486338798]}